BabysitterID,BabysitterName,BabysitterAge,Cost,Rating,Attendance
1,Patricia,17,24,1.08720591,2.242676942
2,Jonathan,17,47,1.189496778,3.462344781
3,Benjamin,15,20,2.340773815,1.492258843
4,Heather,16,50,3.664151057,2.988539578
5,Brandy,16,31,0.75469938,0.006736208
6,Kaitlin,16,44,3.577509633,2.086721548
7,Michelle,18,35,2.122029845,0.33338105
8,Jeffrey,15,24,1.855418489,2.506347287
9,Darrell,16,11,4.130467801,1.53046892
10,Jennifer,17,47,2.222809852,0.782594837
11,Mary,15,23,0.874454816,1.043648857
12,David,17,26,0.010146309,4.108521877
13,Derek,17,14,4.01837744,3.537653314
14,Daniel,16,28,3.515655606,1.925749394
15,Jaime,17,47,0.256783214,4.561647584
16,Paula,15,34,4.725263718,1.752546418
17,Joseph,15,34,3.198583563,4.095984643
18,Jasmine,15,43,4.549882088,1.31632277
19,Robert,18,20,4.994953117,0.946245119
20,Robert,15,29,3.524560648,4.652907787
21,Paul,17,30,1.285491715,2.724602686
22,Karen,15,17,3.162797941,0.241822502
23,Austin,16,41,1.599927448,0.214462971
24,Darrell,18,16,3.172740423,1.964763476
25,Linda,17,39,0.961700297,3.746238651
26,Paul,15,25,1.752447568,3.973678235
27,Nicholas,17,42,1.612235697,3.332616545
28,Nancy,17,23,3.64058119,1.009663523
29,Jean,18,50,4.48704341,0.071653139
30,Lisa,16,34,0.651817223,0.632603985
31,Lisa,17,26,0.776380684,1.568825989
32,Timothy,17,18,2.933133669,4.061311047
33,Gregory,16,50,2.702481865,0.375163165
34,Bonnie,15,33,3.768106577,3.250012688
35,Robin,16,28,0.133966979,1.670489385
36,John,18,31,4.903443739,0.160402662
37,Deborah,18,30,4.457848252,2.29748356
38,Gabriella,18,45,4.040651319,1.772046236
39,Ashley,15,46,0.42835828,0.131793162
40,Kristie,15,33,4.394849428,0.463852321
41,Eric,16,35,3.136743275,2.051887173
42,Thomas,16,18,3.351712415,1.739826487
43,Andrea,15,20,2.779975221,4.977307259
44,Kimberly,17,13,2.29788533,1.183401364
45,Steven,18,41,2.217296798,4.672055193
46,Eileen,17,11,0.64118953,0.894115483
47,Maria,15,35,0.095311292,0.891816583
48,Jerry,18,29,1.975871939,4.064974686
49,Pamela,16,49,1.543279267,2.490988593
50,James,16,25,4.03600144,3.43565548
51,Gabrielle,16,49,1.137023815,2.388752644
52,Joe,18,32,4.955875281,2.360473426
53,Tiffany,17,32,4.208877008,0.518321087
54,Courtney,15,31,0.223546846,3.424253231
55,Lisa,16,45,2.473467991,3.201478749
56,Evan,16,32,2.164379129,2.062474132
57,Jessica,16,28,2.108937747,2.242017847
58,Norman,18,40,3.193455008,0.502340395
59,Stephanie,17,49,0.718837296,4.066839088
60,Eric,15,12,0.558165845,4.223982125
61,Pamela,17,23,3.077648712,4.038343004
62,Benjamin,16,41,0.445343988,0.115560486
63,Kimberly,18,11,4.802611115,2.959389614
64,Cindy,17,18,3.100026425,2.995173999
65,John,18,36,1.365935028,0.650011424
66,Sara,16,37,3.899952615,1.04144678
67,Seth,17,14,4.81119517,2.636130584
68,Autumn,17,47,2.6104061,3.662154692
69,Katherine,16,24,3.531129676,1.174013471
70,Shannon,16,12,3.817094368,0.198659721
71,Sarah,18,25,4.779715592,4.969973823
72,Sandra,15,19,4.208745596,2.746524023
73,Jennifer,16,18,2.364655623,3.48845944
74,Michael,18,26,2.423642253,3.820855454
75,Cathy,16,33,4.822709499,1.455725404
76,Teresa,16,11,4.208293374,2.413342841
77,Amy,17,43,1.433389907,1.222347636
78,Crystal,17,49,0.504590958,1.096227245
79,Jennifer,18,24,1.740859594,1.9686171
80,Jennifer,15,24,1.070312843,4.956269587
81,Sarah,18,21,1.039265371,4.023536428
82,Jake,18,18,0.420952103,0.594369331
83,Samantha,18,19,2.109954782,3.633597223
84,Michelle,15,48,0.608439595,3.412527591
85,Rebecca,16,38,0.635602236,0.647497466
86,Christine,16,14,4.425848236,1.360545456
87,Christopher,16,17,0.061373687,3.77825446
88,Caroline,18,38,1.448984828,1.802646081
89,Brandon,15,37,2.730876541,3.929034315
90,Cynthia,18,39,0.857799654,3.977233316
91,Phillip,18,19,4.809268663,0.163719512
92,Danielle,15,34,4.291254595,3.869648617
93,Bryan,16,42,0.248757035,2.864214995
94,Kevin,15,49,3.433233515,3.412333332
95,Natasha,16,50,3.505066457,2.869198295
96,John,17,13,4.305456791,0.625911822
97,Robert,15,22,3.699361506,3.062066671
98,Alyssa,18,48,2.534766643,3.595624981
99,Jackie,15,43,4.419586684,1.478400737
100,Jennifer,17,14,3.446289052,4.045205352
101,Kristin,17,13,4.23103675,4.827197298
102,Jacqueline,16,28,0.565103488,4.148837923
103,Vanessa,17,12,4.889243375,0.84351366
104,Matthew,18,38,4.560781875,4.532066248
105,Justin,16,16,2.470386376,2.978870153
106,Catherine,17,23,2.579620419,0.425035056
107,Yolanda,15,49,4.118507183,1.501025141
108,Jeremy,16,31,0.806273399,2.015686011
109,Michael,18,14,3.87827711,1.765943205
110,Donna,16,21,4.086308995,0.388938431
111,Jeremy,16,33,4.165803647,2.118025821
112,Tara,16,26,3.721598568,1.150703211
113,Nancy,15,28,1.995236549,4.81423651
114,Cynthia,15,28,4.780726261,1.008756298
115,Joseph,15,36,2.91051065,0.466853001
116,Amy,15,38,1.730924179,3.662374242
117,David,15,15,1.38688098,0.781380752
118,Melissa,17,40,1.8995417,1.459574734
119,Patricia,18,45,4.342773081,2.978047078
120,John,17,38,2.991661072,4.024048478
121,Ashley,16,20,3.436750828,4.646273015
122,Keith,18,49,3.937862107,0.411173412
123,Bonnie,16,35,2.945155731,1.186703063
124,Meagan,15,48,0.267219786,0.76055008
125,Deanna,15,48,2.694999513,3.00077162
126,Terri,18,44,2.457950118,1.647626267
127,David,15,40,0.810699408,3.714791462
128,Mitchell,15,46,3.697773588,3.684715046
129,Megan,18,40,4.744478027,3.839831898
130,Brian,17,45,3.94681011,4.23292338
131,Timothy,17,20,3.754033568,2.375046395
132,Christopher,16,31,1.632249774,4.235932927
133,Michael,17,19,4.474524444,0.482024386
134,Kenneth,18,44,1.823138076,2.994720648
135,Stacie,18,14,3.258864768,4.982563928
136,Jack,18,14,3.140912109,3.999085758
137,Jasmine,17,29,2.125664901,1.256886886
138,David,16,32,2.264398368,4.135274638
139,Christopher,15,36,4.014150519,3.537096328
140,Sydney,15,24,2.376704185,2.136159782
141,Michelle,17,40,2.525395583,4.80445545
142,Michael,15,47,2.907518678,1.803463988
143,Kristen,17,35,2.958950135,0.033785979
144,Jon,15,35,0.761234267,4.641287903
145,Michael,16,40,0.372127571,4.405027567
146,Kimberly,18,33,4.256509635,0.219326859
147,Nichole,18,24,1.633593624,0.762785479
148,Timothy,18,29,0.878391454,2.900712289
149,Ashley,17,49,0.023974515,2.554505234
150,Melinda,16,41,2.847452042,1.733164296
151,Kristy,17,17,1.261354186,4.689674018
152,Jennifer,15,35,1.19319617,0.558390009
153,Katherine,17,49,0.049481282,2.378355203
154,Scott,18,34,0.525730741,4.154170865
155,Amy,15,21,0.732287039,1.489169484
156,Gerald,17,23,1.5523893,4.19357022
157,Sarah,17,43,2.095790672,0.498336046
158,Peter,15,10,3.029688732,3.32979789
159,Daniel,15,36,4.558430905,1.823125004
160,Mark,18,31,0.347541075,1.045562365
161,David,17,27,3.554580672,4.858521779
162,Daniel,17,22,1.088867732,3.427934002
163,Frank,17,28,0.398079312,0.601398101
164,Kristy,16,18,3.284182351,3.64931169
165,Patricia,18,50,0.861426507,4.715449626
166,Dana,18,22,2.411359589,4.008227861
167,Erin,16,21,2.826697022,0.596643513
168,Scott,15,32,1.407293207,4.970773893
169,Jason,15,27,0.595228895,0.544053819
170,Sarah,17,26,0.093282142,3.820742934
171,Patty,17,30,2.950762208,3.165684938
172,Robert,15,25,0.168902463,0.816654126
173,Katrina,17,49,0.421588364,3.191035315
174,Scott,15,41,0.53944125,0.182956055
175,Pamela,18,29,2.83205183,2.307087552
176,Amber,17,43,4.260944372,2.95646869
177,Mary,15,17,0.790342322,4.077270336
178,Alfred,16,28,4.772808236,0.037072364
179,Monica,16,32,1.03447793,2.213696294
180,Michele,17,17,2.969576602,4.640015924
181,Andrew,18,42,2.483856604,3.362954238
182,Mark,16,11,4.759653354,3.661751347
183,Jennifer,16,47,4.768467979,0.706918983
184,Daniel,15,31,3.983635837,1.934963875
185,John,17,12,1.003731236,1.996533142
186,Phillip,17,27,4.503338088,4.358732919
187,Sheryl,16,11,2.79039967,0.688881645
188,Cindy,17,18,1.176111597,4.087210182
189,Carol,15,11,2.334822449,0.185431474
190,Heather,15,12,2.555569072,2.129732651
191,Riley,17,46,1.386156808,1.222719846
192,Eric,17,10,1.882215402,4.824749191
193,Taylor,17,20,3.750397982,1.52579497
194,Wyatt,18,29,2.648576528,4.224046183
195,Timothy,15,30,3.096904603,3.029870897
196,Melissa,17,35,1.867283854,0.046107454
197,Nicole,15,50,1.743681811,2.306353942
198,Danielle,16,45,4.024518081,1.71961257
199,Miranda,18,15,2.009056191,3.037637686
200,Olivia,15,43,0.855163374,1.213944878
201,Jacob,15,28,2.759210656,4.616233855
202,Nicole,16,25,0.46963974,1.717521511
203,Nathaniel,17,40,2.353648427,3.166694803
204,Jacqueline,15,48,4.371485522,4.377044892
205,David,15,48,0.953735765,2.51702163
206,Ethan,15,40,3.047675265,0.4108941
207,Kimberly,17,39,0.876516166,4.240237428
208,David,16,23,1.969507918,3.88431801
209,Kelly,16,43,1.226977499,0.638242701
210,Nicholas,15,11,1.004749777,4.517607759
211,Tammy,17,30,0.186010634,1.915941587
212,Jose,16,50,4.369324119,3.732944947
213,Virginia,16,46,0.625296324,2.811870601
214,Aaron,16,11,3.512216534,0.647768198
215,Robert,16,14,0.301963233,2.37111271
216,Dominique,16,19,4.221284887,0.980431309
217,Joel,17,35,0.759370725,0.369344812
218,Kimberly,15,10,0.875498778,0.019990584
219,Jennifer,16,35,4.877900529,1.3507723
220,Sarah,17,25,2.105287846,0.851347045
221,Kristi,16,37,2.391620779,1.548118008
222,Cynthia,16,44,3.915952301,1.660670278
223,Marco,15,15,3.831976557,0.433637915
224,Michael,16,49,1.024325031,4.30169284
225,Justin,15,41,4.196881271,3.931515838
226,Matthew,17,17,3.628934065,4.357558224
227,Amber,17,35,1.048956833,3.039113805
228,Haley,17,10,1.210299949,2.594387929
229,Joshua,18,25,3.151418857,4.291040641
230,Timothy,18,45,0.882387814,3.748006339
231,Abigail,15,25,2.55425369,4.208250427
232,Angela,16,46,2.81896433,0.46260336
233,Claudia,17,40,2.044422083,3.893500852
234,Joshua,15,17,0.401189887,1.836482393
235,Christine,15,35,4.898798399,4.964599655
236,Mark,18,19,3.929022444,1.82943673
237,Kara,15,26,3.264268604,2.472200797
238,Daniel,17,27,0.327539676,4.525468812
239,Kayla,16,31,0.798135113,3.309005726
240,Marissa,18,28,0.115487783,3.160238663
241,Nicholas,17,23,3.157275825,1.787369022
242,Ruth,17,33,0.669489752,2.183387527
243,Justin,18,48,4.352067213,3.47312587
244,Alejandro,18,19,2.392305157,4.337130429
245,Melissa,15,41,4.732461163,1.61913575
246,Stacy,17,35,1.639923357,3.774573538
247,Nicole,15,26,2.550955607,2.07196
248,Vicki,18,48,3.484701457,2.044213582
249,Jennifer,18,16,3.424347344,0.866732173
250,Jessica,16,16,4.334259901,0.529679188
251,Carmen,17,37,0.70350937,4.275090204
252,Tracy,16,49,2.397481478,1.403681753
253,Kristen,18,24,1.396430038,3.804317485
254,Christopher,18,23,4.989395989,1.361197039
255,Michael,17,11,4.135429647,0.493645669
256,Eric,15,13,4.109780617,4.699836882
257,Allen,17,25,2.901793558,1.835073464
258,Aaron,18,31,0.799263158,0.100231163
259,Ryan,17,38,3.29556892,1.810637928
260,Sarah,15,35,2.366719941,0.706781473
261,Steven,17,28,1.382403159,3.993858728
262,Nancy,16,29,4.606444285,4.874956796
263,Paul,16,41,2.136076153,4.098697592
264,Karl,16,45,0.454156478,3.119091537
265,Sylvia,17,44,3.050119518,3.38857409
266,Joseph,17,18,2.399538257,4.157330287
267,Alicia,17,27,3.936429886,4.440040411
268,Vincent,17,25,1.179090875,0.305081799
269,Crystal,17,21,3.819569543,4.763313797
270,Joshua,17,36,2.599056056,3.927278835
271,Kayla,16,17,4.692528031,4.706736497
272,Brittany,16,38,1.232282914,0.235639487
273,Frederick,16,46,2.749072458,0.527584896
274,Michael,16,11,4.209647589,2.523251191
275,Jason,17,27,1.123797007,0.951586261
276,Yesenia,15,45,0.642289759,0.935468793
277,Sharon,17,23,0.89190891,0.082204802
278,James,18,27,0.662157407,4.556738906
279,Sarah,15,18,3.630388666,4.437674209
280,Timothy,17,30,2.331425223,4.189124898
281,Thomas,17,10,0.677862896,1.774634144
282,Mckenzie,18,42,1.359333338,1.202547276
283,Anita,17,31,4.78934801,4.479142673
284,Chelsea,17,25,2.822621108,3.044857774
285,Richard,17,26,0.000270511,4.113191364
286,April,17,44,0.418282822,3.693684214
287,James,18,16,1.880775733,2.420239381
288,Stanley,15,34,0.232820108,3.024628212
289,Robert,17,40,3.866982068,3.740429895
290,Alexander,18,18,0.82793216,1.389082059
291,Melinda,18,34,2.683611212,3.498118577
292,Joshua,18,22,4.911786087,0.513516384
293,Dustin,15,28,4.207276701,4.031540943
294,John,16,24,2.032336586,3.717613107
295,Jacqueline,16,15,3.543751264,2.472442107
296,Jessica,16,32,0.776452181,3.757314364
297,Steven,18,44,4.736742999,3.16242437
298,Patrick,15,13,0.513168929,1.95748952
299,Henry,15,48,2.019821636,4.203367024
300,Jeremiah,17,19,0.490316363,4.987971746
301,Ariel,15,45,1.711971809,1.893477449
302,James,17,42,0.13937482,4.381597387
303,Sarah,18,10,3.363680192,3.752887928
304,Benjamin,15,27,1.184725854,4.23474844
305,Courtney,15,33,2.05563669,2.160006823
306,Suzanne,15,43,4.290916103,2.53562962
307,Angela,18,20,2.224631517,2.472736828
308,Paul,17,29,2.884640318,4.847528509
309,Joseph,15,45,1.611757402,2.769723955
310,James,18,36,2.769442136,1.416019678
311,Sara,17,40,0.017500087,0.101432765
312,Jeanette,17,43,2.635372437,4.577973985
313,Mackenzie,18,24,3.476267701,0.761099964
314,Stephen,18,34,2.86623446,1.654326776
315,Hannah,17,33,2.690034176,0.03075209
316,Steve,17,32,3.531656769,0.55278659
317,Patrick,18,40,4.698164715,2.618455652
318,Michael,15,31,3.784272623,1.756916678
319,Christina,18,12,0.512427381,2.7953664
320,Brandi,15,50,1.186848436,1.986914324
321,Amanda,16,36,3.326710302,0.404197822
322,Andrea,17,44,3.748091643,3.156670654
323,Mariah,18,47,3.366278245,2.465118665
324,Carolyn,18,28,0.695087176,3.157310819
325,Amy,17,20,0.994742324,1.668292992
326,Phillip,16,29,2.298626046,2.021737609
327,Sarah,17,49,4.238930827,4.844197479
328,Juan,17,34,3.845705055,3.758747216
329,Susan,17,45,2.882719862,3.142212423
330,Deanna,15,14,1.261814896,0.395636805
331,Jackie,18,38,2.132360439,0.750769002
332,Jessica,16,45,3.279985409,0.204966225
333,Leah,18,20,3.471485713,0.090848111
334,Lisa,18,33,0.236206078,3.102839742
335,Jennifer,18,30,3.101981645,0.010146392
336,Scott,17,27,0.501672376,1.44623619
337,Alexander,17,46,4.208043778,2.408685617
338,Henry,16,21,2.137530095,0.101210467
339,Kara,16,45,1.418206023,0.798629296
340,Tina,17,35,2.873822236,0.098678143
341,Lauren,16,35,0.834212488,4.924553811
342,Christopher,15,45,1.279611386,0.428698939
343,Bobby,18,40,1.045087504,2.020500239
344,Jessica,18,28,4.835676513,3.105089076
345,Kristin,16,39,4.022583068,0.155706441
346,Steven,18,11,2.141912668,1.659754731
347,Michael,15,35,1.787669786,4.873329159
348,Alyssa,16,34,1.480568451,0.462222862
349,Michael,18,34,4.618566354,1.114415095
350,Sharon,15,34,3.475800437,0.277948591
351,Kayla,18,48,2.499027639,0.472996005
352,Tracy,18,21,1.918546408,1.407787217
353,Justin,16,49,2.737758604,3.969218494
354,Megan,18,44,0.089628167,1.186085133
355,Jonathon,16,44,4.987192595,1.18913327
356,Yolanda,15,31,4.922317412,2.928881034
357,Jaime,17,22,4.640263154,2.861097211
358,Daniel,16,16,3.040678947,1.673002119
359,Tiffany,18,13,3.012359587,3.336981529
360,Michelle,16,27,1.022817735,0.208319834
361,Michael,18,21,1.812096844,3.03631958
362,Desiree,18,26,2.863769656,4.05772728
363,Erica,18,29,3.799302577,2.014929746
364,Christopher,17,41,1.803838541,0.85167097
365,Margaret,15,25,0.084769087,4.438493742
366,Terri,18,13,1.556961673,4.245475791
367,Suzanne,16,38,3.333798587,4.061597003
368,Craig,16,35,0.580086157,2.558476344
369,Paul,15,45,0.864623492,0.313972294
370,Rebecca,15,48,0.022066176,2.583907365
371,Jeffrey,16,15,4.533068286,1.933837852
372,Sue,15,25,0.124922141,0.314414763
373,Breanna,17,10,2.163972143,2.870884502
374,Susan,17,48,3.750593927,0.686629216
375,Dana,17,19,3.155423382,1.952456694
376,Mary,15,23,2.937694387,0.377106186
377,Kimberly,15,14,4.618877952,2.133932359
378,Allison,15,36,1.118511339,4.803514745
379,Heather,16,26,1.531353677,1.537959466
380,Kimberly,15,46,3.890404099,2.661464474
381,Tracy,16,29,3.985673251,1.254899422
382,Laura,16,17,4.093594637,4.333789459
383,Tara,16,12,0.397916095,3.535410241
384,James,18,38,1.30822222,0.380678238
385,Laura,17,48,2.253087015,1.639087761
386,Lindsey,15,34,1.646080676,2.893385269
387,Ronald,16,10,4.253054603,0.576981264
388,Kyle,17,42,2.992300652,0.985282363
389,Jeanette,16,33,1.947975644,1.651360712
390,Antonio,16,40,4.470673002,1.847196659
391,Andre,15,47,3.899268099,2.446696942
392,Michael,15,39,3.666311298,1.524474974
393,Teresa,16,36,4.768242196,4.48357819
394,Robert,16,35,0.631174194,4.707351884
395,Michael,18,19,0.382133713,1.768594529
396,Tony,17,41,2.702499401,2.841026051
397,Connie,15,44,1.561738445,3.950650734
398,Lisa,16,26,2.149379813,4.419556887
399,James,18,48,3.769285457,4.77634859
400,Joshua,16,16,3.291681059,4.786957167
401,Paul,16,23,2.52512729,3.649425996
402,Angela,15,24,1.937180355,1.132817693
403,Lauren,15,23,4.697641338,0.261471048
404,Stephen,17,17,3.346214107,4.335006995
405,Dylan,15,13,1.542357964,0.86900393
406,Amanda,16,14,2.755615949,1.123767199
407,Anna,16,19,3.097249788,2.55266044
408,Raymond,15,34,2.789289773,0.715210869
409,Keith,16,44,1.558176865,3.121971167
410,Raymond,15,31,2.327452522,0.050167109
411,Kimberly,16,12,0.301800148,0.411425146
412,Savannah,18,50,1.075343989,4.514724041
413,Kristen,17,24,1.908429668,2.182650501
414,Pamela,18,40,4.222308463,3.866681662
415,Audrey,16,41,1.160291683,1.97910313
416,Douglas,18,15,4.154159255,0.000182288
417,Phillip,17,31,2.602737256,1.407750707
418,Sandra,17,24,2.425987146,4.411091394
419,Ronald,16,41,3.947391892,2.714812126
420,Jennifer,16,10,2.803978732,4.198260336
421,Maria,18,41,1.035988582,2.868034345
422,Samuel,16,20,4.827078858,3.484902884
423,Heather,16,13,3.389072683,0.115370052
424,Laura,18,11,4.626224996,1.366097975
425,Holly,18,14,0.162056792,2.903039489
426,Michelle,17,48,0.891924958,3.692197433
427,Richard,18,50,2.774526033,4.177985507
428,Carlos,17,26,3.864432676,1.329720207
429,James,15,43,4.550215566,3.005245359
430,Shawn,15,48,0.175267168,4.070136109
431,Jeremy,18,13,1.715913904,2.49820731
432,William,18,24,0.938129066,3.107197562
433,Greg,18,20,3.550902718,3.294495769
434,Michael,16,15,1.258555086,3.794539276
435,Elaine,17,38,4.349017288,2.820415469
436,Melissa,16,41,2.264951169,1.462057978
437,Matthew,18,50,1.473191977,1.273127615
438,Christina,18,44,2.813738153,4.605688714
439,Peter,18,22,1.509734756,1.898230149
440,Debra,18,46,4.252802169,4.277683465
441,Gabriel,15,32,1.117954093,4.533581262
442,Anthony,17,16,0.286239078,2.154441584
443,Jason,16,22,0.260793104,3.871315562
444,Mark,18,17,2.445500069,1.739529998
445,Donald,16,44,2.538703216,4.236918726
446,Bryan,18,31,0.080830505,1.220203232
447,Todd,15,21,1.363798173,3.339562511
448,David,17,17,2.590327507,4.241477567
449,Julia,15,49,0.205394715,1.200602623
450,Pamela,18,23,0.529248797,4.282502391
451,Bryan,17,46,0.307170173,2.884277081
452,Jacqueline,16,13,4.382284083,4.54562499
453,Jacqueline,16,29,2.255716217,1.44890524
454,Robert,16,20,4.038185478,2.139662486
455,Christopher,18,31,4.965687444,2.845484863
456,Amy,18,23,2.295941349,3.462346247
457,Christina,17,19,0.763570891,1.397488427
458,Elizabeth,18,43,4.931141739,1.80117267
459,Jill,18,34,1.02408785,1.299304577
460,Christopher,18,39,2.247814847,0.679009987
461,Lisa,15,47,1.551113933,0.520997408
462,William,15,44,0.962421269,3.174737954
463,Patrick,16,12,2.459019644,4.506032058
464,Travis,18,18,1.668991793,4.132186989
465,Matthew,17,29,4.201676658,4.176800681
466,William,16,14,4.176958504,1.197652702
467,Michael,15,16,3.403890009,0.580390204
468,Shelby,16,20,3.565180718,3.980078135
469,James,15,15,3.968351416,4.637655617
470,Faith,18,42,1.954213181,2.023315164
471,Jack,18,28,4.09206493,4.159293886
472,Teresa,15,11,1.084725096,2.279126477
473,Travis,16,40,2.112546321,2.247768735
474,Kristen,15,18,0.033761255,1.980896859
475,Joseph,18,14,4.717878582,3.2935613
476,Rhonda,17,49,0.334342472,0.37917714
477,Breanna,17,22,4.434754576,2.613546584
478,David,18,19,0.338414,3.384601208
479,Tracey,18,21,3.006749334,3.634063173
480,Alicia,18,46,4.996669287,1.274324143
481,Justin,17,18,3.792194802,0.476144257
482,Leah,18,45,3.497366778,2.696732367
483,Benjamin,16,29,4.695085454,0.087237254
484,Joshua,15,34,2.486908143,0.842086156
485,Tommy,15,19,1.140250493,1.424991003
486,Christina,15,40,0.682740782,0.086233987
487,Arthur,16,12,1.279850134,2.28817894
488,Alyssa,18,17,4.720996433,0.347267637
489,David,15,32,2.174002556,2.973011822
490,Brenda,17,49,1.942608228,0.899120214
491,Rebecca,16,30,0.344216755,1.658230901
492,Luis,17,32,0.756114992,2.658584061
493,Brian,17,12,0.140162214,4.521905288
494,Amanda,15,14,3.467094761,2.205598751
495,Jason,17,20,1.227127562,3.849152953
496,Jeffrey,18,28,3.323369609,3.432032689
497,Brett,17,34,3.839107877,2.390794042
498,Emily,16,10,2.583534831,4.913366177
499,Hannah,18,38,4.827259813,3.940827365
500,Mark,18,46,1.257104265,1.867025733
501,Jennifer,18,19,1.055489653,4.879744831
502,Yolanda,15,42,3.616587648,4.263619366
503,Shelly,15,26,3.465181587,1.168047785
504,Randy,15,37,3.741140945,1.027921689
505,James,18,44,1.831949529,2.22015078
506,Daniel,18,10,2.223272843,4.259557977
507,Kyle,16,19,2.111490507,0.087216696
508,Michael,18,39,2.819773078,1.142443762
509,Susan,17,25,2.038475936,0.667152729
510,Harry,15,13,3.849794766,3.905436984
511,Terri,16,36,4.289834371,1.120296852
512,Bradley,17,48,0.65328815,4.486004759
513,Michael,16,29,3.461127184,0.832233982
514,Melissa,15,10,4.569415403,1.690466531
515,Matthew,18,28,2.233308747,2.971746767
516,Christopher,15,30,4.075523017,3.753239909
517,Anthony,15,17,0.426248964,4.894210292
518,Randy,15,10,1.67653069,4.860621865
519,Wesley,15,39,3.779306461,2.581119634
520,Peggy,15,18,3.68432889,4.763882791
521,Karen,18,35,4.881896738,4.066504156
522,Andrew,16,22,2.648255305,2.339820156
523,Sharon,16,42,1.293094845,3.246708398
524,Joseph,17,13,1.52850467,0.851367308
525,Rickey,18,35,3.436156509,2.408333012
526,Dustin,18,24,0.459354278,1.841967485
527,James,17,15,2.169054765,4.496380762
528,Gina,16,24,2.236238392,0.959567726
529,Joseph,18,13,0.816428027,3.886821399
530,Michelle,17,45,2.195527601,2.210449679
531,Emily,17,33,4.207246962,3.634829502
532,Brittany,18,15,2.552780113,4.365231853
533,Mason,17,20,1.361191411,2.040067803
534,David,18,28,4.811537783,3.583085986
535,Allen,15,17,0.774646849,2.364508337
536,Nicole,17,30,2.030318676,3.268327158
537,Robert,15,24,2.251385664,0.898826711
538,Jonathan,15,34,2.117958816,0.266020439
539,Ricardo,18,27,2.444130059,4.355289683
540,Brian,16,33,4.220725357,3.04800649
541,Robert,15,33,0.365694142,2.250008917
542,Danielle,18,15,4.751716009,0.442917631
543,Frank,18,18,0.81508696,4.581100428
544,Michael,18,48,0.306534696,1.614124451
545,Brandy,15,43,0.416387044,1.998955209
546,Jessica,15,17,2.564925379,3.424219314
547,Jeffrey,16,12,3.43367472,2.146514451
548,Curtis,16,28,1.282440711,3.722709435
549,Lisa,16,24,4.68886118,2.725743216
550,Erika,18,30,4.424737442,1.699045027
551,Renee,17,10,3.991259975,3.885368842
552,Mitchell,18,24,0.486484753,2.767009522
553,Angel,17,21,0.103385578,1.208021164
554,Carrie,17,44,3.146887293,0.087100072
555,Dana,15,19,2.709829304,4.275309327
556,Kyle,16,10,0.248316497,3.113609012
557,Roger,18,21,1.244654969,0.163914833
558,Lance,15,22,0.324959743,2.014213967
559,Megan,17,30,0.513955585,0.862911381
560,Rebecca,16,35,0.86993282,3.894876852
561,Jennifer,17,12,4.09979233,0.145796152
562,Ryan,17,35,3.375865049,1.47020251
563,Cory,15,15,2.06011702,1.147913051
564,Joel,15,35,3.671333383,2.043769235
565,Tim,16,41,4.266111,0.441736122
566,Ralph,18,44,3.115373396,1.792125643
567,James,15,31,0.137524564,1.56183624
568,Curtis,17,31,2.982059825,4.48870423
569,Carla,15,49,3.711625205,1.072516349
570,William,15,36,0.915994915,0.450807962
571,Robert,16,27,2.225583736,0.719343589
572,Jerry,18,25,0.836284643,4.365978271
573,Alan,18,49,1.812237869,1.044262831
574,Edward,18,34,3.917428932,1.649624899
575,Richard,17,31,1.527328764,4.325559446
576,Kathryn,18,34,3.614033357,1.264526649
577,Christina,18,36,2.501149294,0.870340232
578,Angela,18,12,1.167723801,0.582681219
579,Courtney,16,20,4.154619547,1.190575831
580,John,15,26,2.134293517,2.903872476
581,Sarah,18,19,2.442055251,1.682185294
582,James,16,45,4.982796607,3.978836107
583,Madison,17,22,2.978128354,0.558720211
584,Jacqueline,15,45,3.805960908,2.036006968
585,Stephanie,16,15,4.263511781,4.256677962
586,Nicole,17,18,3.637720413,1.558578271
587,Stephanie,15,50,2.710612598,4.382260948
588,Ian,18,35,4.854130698,4.039710805
589,Angela,17,19,3.080255379,2.187802106
590,Sue,16,43,4.689135311,0.956250768
591,Alexander,15,14,2.690570271,4.38828006
592,Brandon,16,38,0.109741378,0.942334194
593,Christina,15,13,3.45652723,3.353668701
594,Margaret,17,13,1.588571688,1.659596864
595,Sydney,18,45,1.38139353,1.104958075
596,Rodney,17,43,2.754581941,1.585588055
597,Nicholas,17,33,3.215316258,3.24454529
598,Thomas,18,34,4.128449977,1.968410955
599,Janice,16,49,4.766281397,4.57914775
600,Melissa,16,37,2.621552804,1.888882566
601,Jennifer,16,42,2.32890852,3.434495999
602,Travis,16,23,4.38931122,2.873726606
603,Tracey,18,21,2.679396133,3.717923503
604,Christina,16,31,1.604744776,0.157428327
605,Jonathan,17,37,0.542817595,0.763950122
606,Jeffrey,15,17,1.694170022,2.183071763
607,Michael,18,22,0.99687365,1.667225763
608,Ryan,16,34,3.832875186,3.789613303
609,Tracy,16,48,0.370883,1.103457075
610,Kayla,18,43,3.415540715,0.332968035
611,Justin,15,16,0.441724118,1.271150945
612,Dana,17,21,0.5242464,4.171139784
613,Kaitlyn,17,41,3.301715027,3.638166333
614,Bryan,18,35,4.837853229,0.120596639
615,Carla,18,19,4.11289849,0.834626922
616,Renee,17,12,4.701325969,3.665823948
617,Christopher,15,30,0.794866188,2.562780643
618,Tara,18,40,3.65969877,3.641904464
619,Mark,18,32,1.351518094,0.442560547
620,Kathy,15,28,3.557805647,3.973065357
621,Melissa,17,21,4.817763013,3.901194822
622,Mark,16,23,3.350796602,4.216206242
623,Nicholas,18,24,4.602456393,3.305296875
624,Michelle,16,50,2.047655126,2.466158268
625,Holly,15,18,4.784427859,4.377076476
626,Alan,18,18,1.35536903,3.329919056
627,Melissa,15,32,3.345341831,3.684590041
628,Ashley,16,40,1.533998515,0.654793466
629,Robin,17,49,1.468398417,1.081510808
630,Krista,15,36,0.527058099,2.121955663
631,Danielle,16,31,4.523002921,0.220995237
632,Laurie,15,19,1.091443677,4.089261484
633,Elijah,16,34,4.390050803,2.755777694
634,David,15,10,1.01703687,3.232260056
635,Jennifer,16,32,3.733993121,4.251493415
636,Mitchell,15,25,2.329123914,4.140847917
637,Gregory,18,40,1.981489879,3.706754523
638,Ethan,16,27,1.914789539,0.944935944
639,Brenda,15,47,1.737873818,4.985273105
640,Nicholas,16,36,3.222287144,2.587935301
641,Mariah,18,10,0.308950851,3.769603159
642,Stacy,17,50,0.964937562,0.714098352
643,Craig,15,29,3.911438006,4.414850982
644,Yvonne,18,16,1.684338591,3.137588659
645,Mary,18,16,3.169200665,4.58418135
646,Jennifer,17,42,0.663276097,1.778413007
647,Steven,17,48,3.832527741,1.801128731
648,Jessica,15,36,4.676814411,4.352759526
649,Heidi,15,25,0.081893652,3.549755779
650,Elizabeth,15,27,0.899460285,0.927564254
651,Richard,15,43,4.434463148,2.609810661
652,Crystal,17,22,4.639314041,2.864595414
653,Manuel,17,48,0.795650921,0.915163145
654,Kiara,18,45,3.519695873,2.421473053
655,Ronald,15,43,4.880479678,4.603030757
656,Julie,18,48,0.0580651,3.632821697
657,Albert,16,42,3.089409729,0.616417012
658,Anita,15,28,2.87814276,3.119479016
659,Kelly,16,18,1.816724282,0.453409917
660,Stephanie,18,44,2.262581791,2.493842898
661,Jonathan,16,19,2.719672725,0.108568538
662,Charles,15,50,4.031967047,2.639716868
663,Rebecca,18,15,2.914585617,2.381737633
664,Austin,15,32,2.412493406,1.901805155
665,Barbara,18,12,3.082103793,2.992755467
666,Luis,18,24,3.039836878,2.830931168
667,Shelby,18,48,4.803078493,0.211064403
668,Tristan,18,29,3.394793205,4.91548023
669,Lucas,18,32,3.270356283,3.230490884
670,Jonathan,18,38,0.190308702,0.422506682
671,Claire,16,28,4.971007146,2.622530359
672,Willie,16,31,4.932029353,4.485076803
673,Maureen,15,50,3.950524855,3.355322393
674,Carol,16,14,4.895554589,0.881956397
675,Morgan,15,43,0.272343968,2.270291173
676,Kimberly,16,13,0.2165721,0.601524568
677,Heather,16,34,4.1430775,3.415099734
678,Jill,18,13,0.687871861,4.667518574
679,Gary,17,50,1.193004166,0.876223365
680,Kendra,17,46,2.622922769,0.643437607
681,Gabriela,18,19,1.582337693,4.286496546
682,Alexandra,18,36,1.032356458,4.476837051
683,Daniel,15,18,4.309712967,4.8626722
684,Elizabeth,18,37,0.581934496,3.314400403
685,Donna,17,49,3.83466803,0.146567387
686,Madison,15,46,4.377390665,2.597553853
687,Allison,18,43,4.066124414,0.172659501
688,Patrick,16,13,0.368277469,0.272782956
689,Kenneth,16,32,2.026668603,4.262124254
690,Tyler,17,46,3.812646361,1.217832277
691,David,16,40,3.732138451,1.357982034
692,Tiffany,17,39,3.308738234,4.700297914
693,Mary,16,29,2.648856119,2.260789965
694,Cynthia,17,37,2.407790051,0.459852224
695,Laura,15,46,0.762638743,2.37884083
696,Brandon,16,28,1.543066118,0.305533024
697,Deborah,15,42,1.417049941,1.794945704
698,Marisa,15,49,3.979394719,0.206106095
699,Linda,15,47,0.423563113,3.293124454
700,Debbie,18,42,1.530305937,2.29903122
701,Randall,17,38,4.841890164,1.695849949
702,Rachel,17,24,1.896043358,1.250239898
703,Melissa,15,41,2.763159583,4.970524698
704,Elizabeth,18,37,3.013498344,0.062787065
705,Lisa,17,44,2.074576863,3.625776762
706,Richard,16,33,4.4477983,3.698850335
707,Jacob,15,49,4.389408587,2.747825679
708,Michael,15,39,3.635394377,3.636196767
709,Kathryn,15,16,2.231523125,3.330036753
710,Nicole,15,39,1.166436207,1.44992665
711,Justin,18,42,3.326933333,0.336879984
712,Allen,15,27,1.157033194,1.795146565
713,Vincent,15,39,3.247464422,1.36628892
714,Renee,16,10,2.150078369,0.938640848
715,Shannon,16,47,1.255958047,0.853222659
716,Rebecca,18,35,3.001000097,3.787204763
717,Jennifer,18,44,2.764849886,1.864182429
718,Anna,15,50,1.096689586,2.198560419
719,David,18,26,4.631233143,1.944781835
720,Leslie,15,42,3.184239569,0.566625981
721,George,15,40,0.081627017,0.038075887
722,Emily,18,46,0.073993107,3.08574893
723,Bradley,15,20,0.353781215,4.417450766
724,James,18,14,3.092842758,0.608122983
725,Derrick,18,33,0.366308961,1.578522776
726,Briana,16,17,4.123583911,4.997623893
727,Kristen,16,40,4.163980586,0.088964816
728,Andrew,15,40,3.725100985,0.308859849
729,Alexander,16,16,0.41496295,2.686507711
730,Michelle,15,45,4.626936463,2.946397191
731,Troy,17,25,4.047624514,4.999859243
732,Joseph,17,12,0.208201629,2.409905926
733,Maria,17,44,3.475238151,1.1367467
734,Gregory,15,42,1.219747963,0.80621054
735,Jesse,18,22,2.657350987,2.904441861
736,Annette,16,43,0.723120114,3.91872756
737,Jason,17,47,3.556505381,4.178508015
738,Michelle,15,43,4.417206847,0.820707162
739,Christy,17,34,1.775126791,0.314277897
740,Robert,16,15,0.694370794,3.769225842
741,Kevin,18,15,0.263322687,3.234951329
742,Emily,15,28,2.687908602,4.58610432
743,Kevin,18,17,2.900893287,0.409951694
744,Raymond,15,27,1.359178043,4.714523851
745,Carol,15,15,2.094156634,1.081982158
746,Michael,17,38,2.252981332,3.6962945
747,John,15,28,2.846242368,3.939730438
748,Andrea,16,13,4.527305178,3.636173822
749,Michelle,16,39,2.608719463,2.584147637
750,Christopher,18,26,0.781097581,0.215133826
751,Jonathon,17,21,0.841263087,0.678837971
752,Debbie,16,17,4.26613689,0.719503924
753,Ann,17,10,3.438494004,2.470090123
754,Kimberly,17,15,2.746929533,2.525425657
755,Matthew,18,43,4.404095704,4.219502006
756,Chad,16,22,2.739198953,3.402953773
757,Christopher,15,26,1.849192435,1.915566401
758,Sherry,17,47,3.925665648,4.100590822
759,Sean,15,45,4.090416436,4.851023204
760,Kenneth,16,31,0.838648147,0.714538591
761,Robert,16,21,3.281816634,1.099703374
762,Benjamin,16,45,0.050015865,2.78647341
763,Kathryn,16,47,3.408818386,3.927560014
764,Katelyn,17,28,4.598934174,3.879575423
765,Adrian,15,36,3.445019471,4.417617948
766,Dawn,17,36,2.08564464,4.71609596
767,Gina,17,17,3.224349226,0.863891125
768,Hector,15,43,1.930301773,2.502308337
769,Diane,18,20,0.863038045,3.821571
770,Brandon,17,12,2.277031782,2.941930784
771,Jennifer,16,13,0.960005156,3.365769007
772,Kim,18,21,2.604919098,4.5514706
773,Sharon,16,26,0.257410006,3.118304763
774,Alfred,17,39,4.106233612,3.207161469
775,Monica,17,22,3.075671552,2.783504169
776,Casey,17,18,0.548804264,4.183724278
777,Logan,17,50,4.327062759,4.510411237
778,Jordan,17,46,2.436136573,2.930760977
779,John,17,46,0.638621414,4.701118993
780,Karen,18,27,4.681898531,4.149375546
781,Daniel,17,42,3.270094534,3.709363219
782,Jeremy,16,32,2.509273896,4.833438016
783,Brandy,17,31,0.173843402,3.489589629
784,Christopher,18,16,0.670560677,3.330575974
785,Victoria,17,29,0.940337483,3.884845693
786,Elizabeth,18,25,1.165430376,4.520492403
787,Amy,15,23,2.730724276,0.170277144
788,Daniel,16,15,0.165899598,0.496579425
789,Justin,15,25,4.839868847,0.435200395
790,Denise,16,43,4.725528248,4.51940351
791,John,15,36,4.275059397,3.80628256
792,Deanna,15,21,2.497216001,1.448544543
793,Mia,15,41,4.284842214,0.649192536
794,Eric,18,20,4.473087465,4.323773578
795,Shannon,17,41,4.291191585,4.94234694
796,Heather,16,12,4.102665705,1.924819261
797,Shawn,16,14,4.926802597,2.488626079
798,Valerie,18,44,3.347769044,2.994679422
799,Katie,18,36,4.425239513,3.503483619
800,Todd,16,10,0.008371716,3.769197762
801,Donna,16,12,0.996300616,4.548937908
802,Joy,17,21,3.220479454,3.444847499
803,Alyssa,18,11,3.877250121,4.716900159
804,Keith,17,43,3.749963871,4.946456254
805,Kevin,15,47,1.676541779,3.504125564
806,Sara,16,29,1.522686494,1.117273392
807,Heather,15,48,1.905183779,3.442772677
808,Derek,15,39,2.561039305,3.959138928
809,Brandi,16,45,3.94142218,1.460057998
810,Ashley,18,16,3.206899467,2.556953344
811,Shelley,15,35,2.467970632,3.516793406
812,Frederick,18,50,4.118857265,0.281172791
813,Matthew,16,18,2.931688383,3.628224689
814,Adam,17,18,1.218797247,2.787297499
815,Regina,15,34,2.219605354,1.907256798
816,Justin,17,50,1.108340354,3.522334919
817,Lisa,15,45,0.492649066,4.235528697
818,Diane,18,13,4.876360722,2.857477288
819,Christopher,15,46,2.665505687,2.704749582
820,Alicia,18,45,4.412908931,1.808363227
821,Katelyn,18,10,2.582515061,3.249146118
822,Bobby,15,35,4.157086679,1.739402277
823,Donald,18,24,0.734164017,2.750632457
824,Linda,15,24,0.383844501,4.444875459
825,Jason,15,19,0.057539665,4.074487859
826,Aaron,17,35,3.456502708,0.157458172
827,Zachary,18,28,4.51514036,0.595952175
828,Brett,18,33,4.165130123,2.091572343
829,Blake,16,31,2.082399279,3.959597703
830,Gregory,16,47,3.792241816,2.394285408
831,Morgan,18,39,3.652995422,4.259773401
832,Brian,17,13,3.699706641,4.943436789
833,Stacy,15,38,3.049781474,1.522478377
834,Thomas,18,34,0.302414008,2.164300411
835,Kayla,17,29,1.855855609,2.878533948
836,Joseph,18,21,2.409881447,4.384028873
837,Joshua,15,19,3.218601363,1.023799527
838,Ronald,15,29,1.500433313,2.832371118
839,Joseph,18,49,2.371863147,4.068018423
840,Pamela,16,40,1.266023414,4.406225063
841,Lawrence,18,23,2.383878061,0.163003292
842,Isaac,16,33,0.988236683,2.515539902
843,Nicole,16,25,4.750358528,4.863983311
844,Isabel,18,36,4.817029326,4.521334596
845,Jimmy,15,20,1.038712155,3.214074954
846,Jennifer,16,50,2.890690176,1.901655239
847,Amber,15,30,0.490647337,3.336842342
848,Richard,17,12,1.162906864,4.711457307
849,Michael,16,25,3.055242832,1.872922283
850,Alicia,15,14,1.312449446,2.404354862
851,Scott,16,28,3.952124291,2.238091505
852,Chelsea,16,41,3.569041383,3.953369006
853,John,17,44,0.072540692,1.938570572
854,Daniel,18,13,0.545775424,3.470668783
855,Wanda,15,18,4.103207831,0.662677252
856,Kelly,15,37,3.912304545,0.247705227
857,Gary,15,37,1.889310439,3.610635373
858,Rachael,16,20,2.041314637,4.838567955
859,Amber,16,16,1.535518792,1.90946264
860,Glenda,16,16,3.781912939,1.283164078
861,Tyler,15,26,3.350632343,4.002652082
862,Dana,16,35,3.005927906,3.7315046
863,Ann,16,14,4.073453686,4.046325757
864,Stephanie,18,14,0.771964761,1.293432156
865,Hunter,16,43,4.002644769,1.916226607
866,Wayne,15,19,3.498632192,1.645063171
867,Gregory,18,30,4.632344567,0.532668355
868,Tyler,18,42,2.266373068,2.793492889
869,Michael,15,13,4.314294497,0.592427043
870,Ryan,15,41,4.920627947,3.316416454
871,Susan,15,21,1.334693854,4.086663774
872,Deanna,16,43,4.64469682,3.126085671
873,William,16,20,1.163044822,4.264775115
874,Matthew,18,49,2.613404192,3.485520296
875,Rachel,17,29,0.029846971,0.551432877
876,Penny,17,36,0.509415235,2.125564223
877,Autumn,16,18,3.313563342,0.328337163
878,Christopher,16,42,3.330625947,3.448566131
879,Amber,15,17,1.144670969,2.732960032
880,Curtis,16,44,2.604072991,3.367244451
881,James,16,20,3.686023224,0.685950541
882,Michael,15,24,2.579269135,4.508310017
883,Christopher,17,36,0.091328704,0.812175278
884,Jose,15,11,3.444548907,1.520532937
885,Curtis,18,15,4.978158113,0.818935531
886,Jason,17,12,0.050945705,3.728655491
887,Justin,16,27,2.59871601,2.332337948
888,Douglas,15,47,3.853470979,2.155634907
889,Virginia,17,30,1.068763038,0.914307858
890,Casey,18,34,4.41743875,4.236945321
891,Carly,15,36,0.544961636,2.321114029
892,John,16,12,0.25543909,1.020163595
893,Darin,15,22,4.410771901,2.382078387
894,Jennifer,17,35,1.525361987,0.054132879
895,Danielle,18,16,1.478972583,0.950235995
896,Chloe,16,49,0.327762326,4.081939817
897,Michael,15,49,4.246083213,3.253667725
898,Christine,18,41,3.020408841,4.479460436
899,Kristopher,17,11,4.037953024,4.08227459
900,Kelly,17,11,1.588725646,1.263287083
901,Gerald,16,22,3.506580431,4.34918986
902,Donna,17,23,3.194852629,0.313633274
903,Todd,17,47,1.374157063,3.432939432
904,Peter,15,50,3.427630122,1.560902389
905,Jennifer,15,39,3.735888759,1.947302792
906,John,18,46,2.675826271,1.532697528
907,Earl,17,26,0.416608229,4.012883327
908,Jason,15,48,4.633638509,4.077391894
909,Chelsea,16,14,4.245927993,3.910267944
910,Tamara,16,41,2.309050076,1.247953507
911,Aaron,17,46,4.880073061,4.777659615
912,Christopher,17,23,3.087676281,2.095771026
913,Julian,16,50,2.494793587,2.583738952
914,Gregory,15,26,2.476776144,1.571774176
915,Priscilla,16,41,0.113341879,4.434629573
916,Joshua,15,50,1.068096942,0.54067158
917,Christopher,16,36,4.529507355,4.834953209
918,Brittany,18,23,4.145658959,2.588421643
919,Dana,15,46,2.152496092,2.618444007
920,Duane,18,36,4.282421394,2.40082897
921,Alexander,15,39,4.940992867,4.601260405
922,Jonathan,15,40,0.524429799,3.447856378
923,Sergio,15,31,0.409756066,4.53858061
924,Kimberly,18,19,3.285188307,2.065787363
925,Ronald,18,24,3.380917703,1.371647822
926,Connie,18,12,1.544777096,0.161749427
927,Travis,16,37,3.636537572,3.82929058
928,John,18,25,2.445455723,0.091810061
929,Eugene,16,24,3.056519719,3.079969046
930,Rhonda,18,28,0.414045912,4.404574293
931,Harry,17,47,4.124989439,2.191574672
932,Elizabeth,16,12,0.723119461,2.353470095
933,Brandi,17,10,4.811920448,1.03992189
934,Michael,17,27,4.007695241,0.178248606
935,Kenneth,16,38,0.888411934,0.033983204
936,Stacy,18,22,2.68215775,0.784654293
937,George,16,20,4.537188955,3.026100033
938,Daniel,17,31,4.756245876,4.732185047
939,Kimberly,18,36,2.00361833,2.179883755
940,Elizabeth,17,19,2.843357491,2.059085216
941,Travis,17,37,2.679242114,4.523905138
942,Rhonda,18,42,4.609791998,2.744453451
943,Gary,18,13,0.402804767,2.11882057
944,William,17,36,3.988046943,0.591499786
945,Luis,15,49,4.709444365,1.248450627
946,George,18,28,0.158352853,0.803146116
947,Vickie,18,45,1.531849344,1.536815821
948,Jennifer,16,44,4.54324119,3.987689378
949,Jonathan,18,28,0.578160511,4.464100514
950,Benjamin,16,30,1.755682183,4.959086304
951,Nathaniel,16,30,4.003553796,3.753110543
952,Sara,17,18,1.573136041,2.604779305
953,Paula,15,15,3.455279457,3.919824427
954,Misty,16,43,0.106369512,1.967047876
955,Erika,15,10,4.33465191,3.400510305
956,Lisa,18,49,1.255685417,0.528161875
957,Daniel,18,41,4.695532004,3.484646499
958,Linda,16,36,4.078699557,4.057819422
959,Brooke,16,21,3.761958076,3.143306882
960,Amber,16,12,0.56854381,0.984684791
961,Jennifer,16,27,0.615765202,1.290348656
962,Randy,16,45,2.144508976,0.069979926
963,Jonathan,17,30,2.142741414,4.161141278
964,Nicole,15,28,0.822965464,1.555834007
965,Thomas,15,13,1.878389831,3.533825765
966,Ellen,18,12,1.200056007,2.524587345
967,Amanda,17,19,2.746464559,0.953585348
968,Amy,15,15,4.056402699,3.482638953
969,Ethan,15,49,2.99108693,2.200960201
970,Dakota,16,13,2.273081681,0.195062201
971,Amanda,18,40,4.678015181,2.172388476
972,Melissa,18,15,0.85758728,1.54974886
973,Sharon,17,24,1.320814904,1.173836416
974,Kelsey,16,32,0.837726689,0.753669464
975,Tamara,15,34,2.049064788,3.897349721
976,Ronnie,17,19,0.858002223,1.255226293
977,Amy,18,32,0.112448455,2.986822193
978,Jennifer,18,44,1.696608716,3.990236069
979,Jeffrey,17,33,4.418083612,3.649472248
980,Krystal,18,28,3.880314955,3.056951486
981,Vincent,18,46,1.444322758,3.42006555
982,Meagan,18,40,1.135966838,4.184459515
983,Brandon,18,23,0.254714468,4.591252563
984,Anthony,18,13,0.802412445,3.626869084
985,Stephen,15,49,4.598066754,1.474345319
986,Timothy,15,18,0.744175141,2.129812515
987,Charles,17,33,2.349373539,4.646371525
988,John,16,26,3.453278445,2.453574325
989,Leah,17,34,4.537411745,0.43071545
990,Andrew,18,25,2.595524336,3.532265002
991,Larry,17,38,1.4462394,1.378085338
992,Jennifer,16,44,3.221279853,2.774416888
993,Amy,18,28,2.26921023,4.299390361
994,Kathryn,17,10,4.646267606,3.69793327
995,David,18,21,3.803664925,1.559562212
996,Michael,18,36,1.964863136,0.412537413
997,Julia,18,29,1.049387154,0.730703354
998,Rachel,16,35,2.949326363,3.73893041
999,Vincent,17,47,2.113231514,3.180164384
1000,Cynthia,17,14,1.768916776,0.928734856
,,,,,
,,,,,
,,,,,
,,,,,
,,,,,
,,,,,
,,,,,
,,,,,
,,,,,
,,,,,
,,,,,
,,,,,
,,,,,
,,,,,
,,,,,
,,,,,
,,,,,
,,,,,
,,,,,
,,,,,
,,,,,
,,,,,
,,,,,
,,,,,
,,,,,
,,,,,
,,,,,
,,,,,
,,,,,
,,,,,
,,,,,
,,,,,
,,,,,
,,,,,
,,,,,
,,,,,
,,,,,
,,,,,
,,,,,
,,,,,
,,,,,
,,,,,
,,,,,
,,,,,
,,,,,
,,,,,
,,,,,
,,,,,
,,,,,
,,,,,
,,,,,
,,,,,
,,,,,
,,,,,
,,,,,
,,,,,
,,,,,
,,,,,
,,,,,
,,,,,
,,,,,
,,,,,
,,,,,
,,,,,
,,,,,
,,,,,
,,,,,
,,,,,
,,,,,
,,,,,
,,,,,
,,,,,
,,,,,
,,,,,
,,,,,
,,,,,
,,,,,
,,,,,
,,,,,
,,,,,
,,,,,
,,,,,
,,,,,
,,,,,
,,,,,
,,,,,
,,,,,
,,,,,
,,,,,
,,,,,
,,,,,
,,,,,
,,,,,
,,,,,
,,,,,
,,,,,
,,,,,
,,,,,
,,,,,
,,,,,
,,,,,
,,,,,
,,,,,
,,,,,
,,,,,
,,,,,
,,,,,
,,,,,
,,,,,
,,,,,
,,,,,
,,,,,
,,,,,
,,,,,
,,,,,
,,,,,
,,,,,
,,,,,
,,,,,
,,,,,
,,,,,
,,,,,
,,,,,
,,,,,
,,,,,
,,,,,
,,,,,
,,,,,
,,,,,
,,,,,
,,,,,
,,,,,
,,,,,
,,,,,
,,,,,
,,,,,
,,,,,
,,,,,
,,,,,
,,,,,
,,,,,
,,,,,
,,,,,
,,,,,
,,,,,
,,,,,
,,,,,
,,,,,
,,,,,
,,,,,
,,,,,
,,,,,
,,,,,
,,,,,
,,,,,
,,,,,
,,,,,
,,,,,
,,,,,
,,,,,
,,,,,
,,,,,
,,,,,
,,,,,
,,,,,
,,,,,
,,,,,
,,,,,
,,,,,
,,,,,
,,,,,
,,,,,
,,,,,
,,,,,
,,,,,
,,,,,
,,,,,
,,,,,
,,,,,
,,,,,
,,,,,
,,,,,
,,,,,
,,,,,
,,,,,
,,,,,
,,,,,
,,,,,
,,,,,
,,,,,
,,,,,
,,,,,
,,,,,
,,,,,
,,,,,
,,,,,
,,,,,
,,,,,
,,,,,
,,,,,
,,,,,
,,,,,
,,,,,
,,,,,
,,,,,
,,,,,
,,,,,
,,,,,
,,,,,
,,,,,
,,,,,
,,,,,
,,,,,
,,,,,
,,,,,
,,,,,
,,,,,
,,,,,
,,,,,
,,,,,
,,,,,
,,,,,
,,,,,
,,,,,
,,,,,
,,,,,
,,,,,
,,,,,
,,,,,
,,,,,
,,,,,
,,,,,
,,,,,
,,,,,
,,,,,
,,,,,
,,,,,
,,,,,
,,,,,
,,,,,
,,,,,
,,,,,
,,,,,
,,,,,
,,,,,
,,,,,
,,,,,
,,,,,
,,,,,
,,,,,
,,,,,
,,,,,
,,,,,
,,,,,
,,,,,
,,,,,
,,,,,
,,,,,
,,,,,
,,,,,
,,,,,
,,,,,
,,,,,
,,,,,
,,,,,
,,,,,
,,,,,
,,,,,
,,,,,
,,,,,
,,,,,
,,,,,
,,,,,
,,,,,
,,,,,
,,,,,
,,,,,
,,,,,
,,,,,
,,,,,
,,,,,
,,,,,
,,,,,
,,,,,
,,,,,
,,,,,
,,,,,
,,,,,
,,,,,
,,,,,
,,,,,
,,,,,
,,,,,
,,,,,
,,,,,
,,,,,
,,,,,
,,,,,
,,,,,
,,,,,
,,,,,
,,,,,
,,,,,
,,,,,
,,,,,
,,,,,
,,,,,
,,,,,
,,,,,
,,,,,
,,,,,
,,,,,
,,,,,
,,,,,
,,,,,
,,,,,
,,,,,
,,,,,
,,,,,
,,,,,
,,,,,
,,,,,
,,,,,
,,,,,
,,,,,
,,,,,
,,,,,
,,,,,
,,,,,
,,,,,
,,,,,
,,,,,
,,,,,
,,,,,
,,,,,
,,,,,
,,,,,
,,,,,
,,,,,
,,,,,
,,,,,
,,,,,
,,,,,
,,,,,
,,,,,
,,,,,
,,,,,
,,,,,
,,,,,
,,,,,
,,,,,
,,,,,
,,,,,
,,,,,
,,,,,
,,,,,
,,,,,
,,,,,
,,,,,
,,,,,
,,,,,
,,,,,
,,,,,
,,,,,
,,,,,
,,,,,
,,,,,
,,,,,
,,,,,
,,,,,
,,,,,
,,,,,
,,,,,
,,,,,
,,,,,
,,,,,
,,,,,
,,,,,
,,,,,
,,,,,
,,,,,
,,,,,
,,,,,
,,,,,
,,,,,
,,,,,
,,,,,
,,,,,
,,,,,
,,,,,
,,,,,
,,,,,
,,,,,
,,,,,
,,,,,
,,,,,
,,,,,
,,,,,
,,,,,
,,,,,
,,,,,
,,,,,
,,,,,
,,,,,
,,,,,
,,,,,
,,,,,
,,,,,
,,,,,
,,,,,
,,,,,
,,,,,
,,,,,
,,,,,
,,,,,
,,,,,
,,,,,
,,,,,
,,,,,
,,,,,
,,,,,
,,,,,
,,,,,
,,,,,
,,,,,
,,,,,
,,,,,
,,,,,
,,,,,
,,,,,
,,,,,
,,,,,
,,,,,
,,,,,
,,,,,
,,,,,
,,,,,
,,,,,
,,,,,
,,,,,
,,,,,
,,,,,
,,,,,
,,,,,
,,,,,
,,,,,
,,,,,
,,,,,
,,,,,
,,,,,
,,,,,
,,,,,
,,,,,
,,,,,
,,,,,
,,,,,
,,,,,
,,,,,
,,,,,
,,,,,
,,,,,
,,,,,
,,,,,
,,,,,
,,,,,
,,,,,
,,,,,
,,,,,
,,,,,
,,,,,
,,,,,
,,,,,
,,,,,
,,,,,
,,,,,
,,,,,
,,,,,
,,,,,
,,,,,
,,,,,
,,,,,
,,,,,
,,,,,
,,,,,
,,,,,
,,,,,
,,,,,
,,,,,
,,,,,
,,,,,
,,,,,
,,,,,
,,,,,
,,,,,
,,,,,
,,,,,
,,,,,
,,,,,
,,,,,
,,,,,
,,,,,
,,,,,
,,,,,
,,,,,
,,,,,
,,,,,
,,,,,
,,,,,
,,,,,
,,,,,
,,,,,
,,,,,
,,,,,
,,,,,
,,,,,
,,,,,
,,,,,
,,,,,
,,,,,
,,,,,
,,,,,
,,,,,
,,,,,
,,,,,
,,,,,
,,,,,
,,,,,
,,,,,
,,,,,
,,,,,
,,,,,
,,,,,
,,,,,
,,,,,
,,,,,
,,,,,
,,,,,
,,,,,
,,,,,
,,,,,
,,,,,
,,,,,
,,,,,
,,,,,
,,,,,
,,,,,
,,,,,
,,,,,
,,,,,
,,,,,
,,,,,
,,,,,
,,,,,
,,,,,
,,,,,
,,,,,
,,,,,
,,,,,
,,,,,
,,,,,
,,,,,
,,,,,
,,,,,
,,,,,
,,,,,
,,,,,
,,,,,
,,,,,
,,,,,
,,,,,
,,,,,
,,,,,
,,,,,
,,,,,
,,,,,
,,,,,
,,,,,
,,,,,
,,,,,
,,,,,
,,,,,
,,,,,
,,,,,
,,,,,
,,,,,
,,,,,
,,,,,
,,,,,
,,,,,
,,,,,
,,,,,
,,,,,
,,,,,
,,,,,
,,,,,
,,,,,
,,,,,
,,,,,
,,,,,
,,,,,
,,,,,
,,,,,
,,,,,
,,,,,
,,,,,
,,,,,
,,,,,
,,,,,
,,,,,
,,,,,
,,,,,
,,,,,
,,,,,
,,,,,
,,,,,
,,,,,
,,,,,
,,,,,
,,,,,
,,,,,
,,,,,
,,,,,
,,,,,
,,,,,
,,,,,
,,,,,
,,,,,
,,,,,
,,,,,
,,,,,
,,,,,
,,,,,
,,,,,
,,,,,
,,,,,
,,,,,
,,,,,
,,,,,
,,,,,
,,,,,
,,,,,
,,,,,
,,,,,
,,,,,
,,,,,
,,,,,
,,,,,
,,,,,
,,,,,
,,,,,
,,,,,
,,,,,
,,,,,
,,,,,
,,,,,
,,,,,
,,,,,
,,,,,
,,,,,
,,,,,
,,,,,
,,,,,
,,,,,
,,,,,
,,,,,
,,,,,
,,,,,
,,,,,
,,,,,
,,,,,
,,,,,
,,,,,
,,,,,
,,,,,
,,,,,
,,,,,
,,,,,
,,,,,
,,,,,
,,,,,
,,,,,
,,,,,
,,,,,
,,,,,
,,,,,
,,,,,
,,,,,
,,,,,
,,,,,
,,,,,
,,,,,
,,,,,
,,,,,
,,,,,
,,,,,
,,,,,
,,,,,
,,,,,
,,,,,
,,,,,
,,,,,
,,,,,
,,,,,
,,,,,
,,,,,
,,,,,
,,,,,
,,,,,
,,,,,
,,,,,
,,,,,
,,,,,
,,,,,
,,,,,
,,,,,
,,,,,
,,,,,
,,,,,
,,,,,
,,,,,
,,,,,
,,,,,
,,,,,
,,,,,
,,,,,
,,,,,
,,,,,
,,,,,
,,,,,
,,,,,
,,,,,
,,,,,
,,,,,
,,,,,
,,,,,
,,,,,
,,,,,
,,,,,
,,,,,
,,,,,
,,,,,
,,,,,
,,,,,
,,,,,
,,,,,
,,,,,
,,,,,
,,,,,
,,,,,
,,,,,
,,,,,
,,,,,
,,,,,
,,,,,
,,,,,
,,,,,
,,,,,
,,,,,
,,,,,
,,,,,
,,,,,
,,,,,
,,,,,
,,,,,
,,,,,
,,,,,
,,,,,
,,,,,
,,,,,
,,,,,
,,,,,
,,,,,
,,,,,
,,,,,
,,,,,
,,,,,
,,,,,
,,,,,
,,,,,
,,,,,
,,,,,
,,,,,
,,,,,
,,,,,
,,,,,
,,,,,
,,,,,
,,,,,
,,,,,
,,,,,
,,,,,
,,,,,
,,,,,
,,,,,
,,,,,
,,,,,
,,,,,
,,,,,
,,,,,
,,,,,
,,,,,
,,,,,
,,,,,
,,,,,
,,,,,
,,,,,
,,,,,
,,,,,
,,,,,
,,,,,
,,,,,
,,,,,
,,,,,
,,,,,
,,,,,
,,,,,
,,,,,
,,,,,
,,,,,
,,,,,
,,,,,
,,,,,
,,,,,
,,,,,
,,,,,
,,,,,
,,,,,
,,,,,
,,,,,
,,,,,
,,,,,
,,,,,
,,,,,
,,,,,
,,,,,
,,,,,
,,,,,
,,,,,
,,,,,
,,,,,
,,,,,
,,,,,
,,,,,
,,,,,
,,,,,
,,,,,
,,,,,
,,,,,
,,,,,
,,,,,
,,,,,
,,,,,
,,,,,
,,,,,
,,,,,
,,,,,
,,,,,
,,,,,
,,,,,
,,,,,
,,,,,
,,,,,
,,,,,
,,,,,
,,,,,
,,,,,
,,,,,
,,,,,
,,,,,
,,,,,
,,,,,
,,,,,
,,,,,
,,,,,
,,,,,
,,,,,
,,,,,
,,,,,
,,,,,
,,,,,
,,,,,
,,,,,
,,,,,
,,,,,
,,,,,
,,,,,
,,,,,
,,,,,
,,,,,
,,,,,
,,,,,
,,,,,
,,,,,
,,,,,
,,,,,
,,,,,
,,,,,
,,,,,
,,,,,
,,,,,
,,,,,
,,,,,
,,,,,
,,,,,
,,,,,
,,,,,
,,,,,
,,,,,
,,,,,
,,,,,
,,,,,
,,,,,
,,,,,
,,,,,
,,,,,
,,,,,
,,,,,
,,,,,
,,,,,
,,,,,
,,,,,
,,,,,
,,,,,
,,,,,
,,,,,
,,,,,
,,,,,
,,,,,
,,,,,
,,,,,
,,,,,
,,,,,
,,,,,
,,,,,
,,,,,
,,,,,
,,,,,
,,,,,
,,,,,
,,,,,
,,,,,
,,,,,
,,,,,
,,,,,
,,,,,
,,,,,
,,,,,
,,,,,
,,,,,
,,,,,
,,,,,
,,,,,
,,,,,
,,,,,
,,,,,
,,,,,
,,,,,
,,,,,
,,,,,
,,,,,
,,,,,
,,,,,
,,,,,
,,,,,
,,,,,
,,,,,
,,,,,
,,,,,
,,,,,
,,,,,
,,,,,
,,,,,
,,,,,
,,,,,
,,,,,
,,,,,
,,,,,
,,,,,
,,,,,
,,,,,
,,,,,
,,,,,
,,,,,
,,,,,
,,,,,
,,,,,
,,,,,
,,,,,
,,,,,
,,,,,
,,,,,
,,,,,
,,,,,
,,,,,
,,,,,
,,,,,
,,,,,
,,,,,
,,,,,
,,,,,
